{"cameraMode":{"drawMode":0,"name":"Shaded","section":"Shading Mode"},"sceneLighting":false,"audioPlay":false,"sceneViewState":{"showFog":true,"showMaterialUpdate":true,"showSkybox":false,"showFlares":true,"showImageEffects":true,"showParticleSystems":true},"in2DMode":false,"pivot":{"x":16.549991607666017,"y":3.451763868331909,"z":12.068750381469727},"rotation":{"x":0.07560965418815613,"y":0.19025592505931855,"z":-0.014697355218231678,"w":0.9787100553512573},"size":4.155497074127197,"orthographic":true}