{"cameraMode":{"drawMode":0,"name":"Shaded","section":"Shading Mode"},"sceneLighting":false,"audioPlay":false,"sceneViewState":{"showFog":true,"showMaterialUpdate":true,"showSkybox":false,"showFlares":true,"showImageEffects":true,"showParticleSystems":true},"in2DMode":false,"pivot":{"x":27.871990203857423,"y":3.4517641067504885,"z":8.25001049041748},"rotation":{"x":0.07560965418815613,"y":0.19025592505931855,"z":-0.014697355218231678,"w":0.9787100553512573},"size":4.147373676300049,"orthographic":true}