{"cameraMode":{"drawMode":1,"name":"Wireframe","section":"Shading Mode"},"sceneLighting":false,"audioPlay":false,"sceneViewState":{"showFog":true,"showMaterialUpdate":false,"showSkybox":false,"showFlares":true,"showImageEffects":true,"showParticleSystems":true},"in2DMode":false,"pivot":{"x":-0.0004131495952606201,"y":4.00001335144043,"z":3.000000238418579},"rotation":{"x":-0.04423151910305023,"y":0.8630576133728027,"z":-0.49747276306152346,"w":-0.07654561847448349},"size":5.834410667419434,"orthographic":true}