{"cameraMode":{"drawMode":0,"name":"Shaded","section":"Shading Mode"},"sceneLighting":false,"audioPlay":false,"sceneViewState":{"showFog":true,"showMaterialUpdate":true,"showSkybox":false,"showFlares":true,"showImageEffects":true,"showParticleSystems":true},"in2DMode":false,"pivot":{"x":0.0005664825439453125,"y":0.8184855580329895,"z":-0.0660250261425972},"rotation":{"x":0.667567253112793,"y":-0.2390785813331604,"z":0.2408321499824524,"w":0.6627852320671082},"size":1.1103094816207886,"orthographic":true}