{"cameraMode":{"drawMode":0,"name":"Shaded","section":"Shading Mode"},"sceneLighting":false,"audioPlay":false,"sceneViewState":{"showFog":true,"showMaterialUpdate":true,"showSkybox":true,"showFlares":true,"showImageEffects":true,"showParticleSystems":true},"in2DMode":false,"pivot":{"x":102.01801300048828,"y":-83.91346740722656,"z":-120.8355712890625},"rotation":{"x":0.08159726113080979,"y":0.9121532440185547,"z":-0.22263802587985993,"w":0.3343026041984558},"size":28.913198471069337,"orthographic":false}