{"cameraMode":{"drawMode":0,"name":"Shaded","section":"Shading Mode"},"sceneLighting":false,"audioPlay":false,"sceneViewState":{"showFog":true,"showMaterialUpdate":true,"showSkybox":false,"showFlares":true,"showImageEffects":true,"showParticleSystems":true},"in2DMode":false,"pivot":{"x":1.0624969005584717,"y":2.7265877723693849,"z":3.0000252723693849},"rotation":{"x":-0.6050732731819153,"y":0.2654724419116974,"z":-0.22424139082431794,"w":-0.7163347601890564},"size":4.21818208694458,"orthographic":false}