{"cameraMode":{"drawMode":0,"name":"Shaded","section":"Shading Mode"},"sceneLighting":false,"audioPlay":false,"sceneViewState":{"showFog":true,"showMaterialUpdate":true,"showSkybox":true,"showFlares":true,"showImageEffects":true,"showParticleSystems":true},"in2DMode":false,"pivot":{"x":-1.39788818359375,"y":-1.69140625,"z":1.273223876953125},"rotation":{"x":0.37955668568611147,"y":-0.6126202940940857,"z":0.5488085746765137,"w":0.4237193167209625},"size":5.506482124328613,"orthographic":true}