{"cameraMode":{"drawMode":0,"name":"Shaded","section":"Shading Mode"},"sceneLighting":false,"audioPlay":false,"sceneViewState":{"showFog":true,"showMaterialUpdate":true,"showSkybox":true,"showFlares":true,"showImageEffects":true,"showParticleSystems":true},"in2DMode":false,"pivot":{"x":-0.5629105567932129,"y":0.34789860248565676,"z":0.8387994766235352},"rotation":{"x":0.010384833440184594,"y":-0.9872793555259705,"z":0.07269567251205445,"w":0.14104126393795014},"size":1.3546183109283448,"orthographic":false}