{"cameraMode":{"drawMode":0,"name":"Shaded","section":"Shading Mode"},"sceneLighting":false,"audioPlay":false,"sceneViewState":{"showFog":true,"showMaterialUpdate":false,"showSkybox":false,"showFlares":true,"showImageEffects":true,"showParticleSystems":true},"in2DMode":false,"pivot":{"x":12.135417938232422,"y":2.963015556335449,"z":-1.334127426147461},"rotation":{"x":0.012176889926195145,"y":0.9716716408729553,"z":-0.051361631602048877,"w":0.23038330674171449},"size":3.9463393688201906,"orthographic":false}