{"cameraMode":{"drawMode":0,"name":"Shaded","section":"Shading Mode"},"sceneLighting":true,"audioPlay":false,"sceneViewState":{"showFog":true,"showMaterialUpdate":false,"showSkybox":true,"showFlares":true,"showImageEffects":true,"showParticleSystems":true},"in2DMode":false,"pivot":{"x":-7.3760986328125,"y":8.05322265625,"z":11.9735107421875},"rotation":{"x":-0.1517973691225052,"y":0.8408684730529785,"z":-0.42280444502830508,"w":-0.30190780758857729},"size":1.8906804323196412,"orthographic":true}