{"cameraMode":{"drawMode":0,"name":"Shaded","section":"Shading Mode"},"sceneLighting":false,"audioPlay":false,"sceneViewState":{"showFog":true,"showMaterialUpdate":true,"showSkybox":false,"showFlares":true,"showImageEffects":true,"showParticleSystems":true},"in2DMode":false,"pivot":{"x":5.972914695739746,"y":3.2583627700805666,"z":18.09680938720703},"rotation":{"x":0.07560965418815613,"y":0.19025592505931855,"z":-0.014697355218231678,"w":0.9787100553512573},"size":4.294095516204834,"orthographic":true}